values,sha256,types
C:\DriverView.exe,3f8b655190d79c5fba4af0914c434fbe97c3ad88a950bec32eb69606cf224689,악성아님
.\04efa6704b5ff22071efecc4047075f43dd5b89a484bbd3d3c51d4e279c74ea5.exe,04efa6704b5ff22071efecc4047075f43dd5b89a484bbd3d3c51d4e279c74ea5,악성아님
.\ee51f6c4623c642f58c40794937c6c5a61c2fd6e8382eaba4de0acaa40a7bd7d.exe,ee51f6c4623c642f58c40794937c6c5a61c2fd6e8382eaba4de0acaa40a7bd7d,악성아님
.\0309834d40475ccd5a88c48f7ff5ec62e5c6798900357dd83665c3d0345124e0.exe,0309834d40475ccd5a88c48f7ff5ec62e5c6798900357dd83665c3d0345124e0,악성아님
.\09d9023bb6c8e9e48bbdb236b3c15fc535c0ebd5915d1490ec6d987da75688b6.exe,09d9023bb6c8e9e48bbdb236b3c15fc535c0ebd5915d1490ec6d987da75688b6,악성
.\108818ed973cfd2d73c374f6cb461639f39caf52bc28f8b7ceb7eab13d5d7b37.exe,108818ed973cfd2d73c374f6cb461639f39caf52bc28f8b7ceb7eab13d5d7b37,악성
.\5d8273bf98397e4c5053f8f154e5f838c7e8a798b125fcad33cab16e2515b665.exe,5d8273bf98397e4c5053f8f154e5f838c7e8a798b125fcad33cab16e2515b665,악성아님
.\3096d8e82917a9b73f322f4b1743e52e9b0c8b3c5933a957e73e29d6973cdd5b.exe,3096d8e82917a9b73f322f4b1743e52e9b0c8b3c5933a957e73e29d6973cdd5b,악성아님
.\32375c229191bed9c301606aa7d3abe6c8a368417dddc82e59622957084aa942.exe,32375c229191bed9c301606aa7d3abe6c8a368417dddc82e59622957084aa942,악성
.\42316380bcc6bdb82aa88cd6434710ebad6ebb2a3672e0b76dad01fe9c7a0352.exe,42316380bcc6bdb82aa88cd6434710ebad6ebb2a3672e0b76dad01fe9c7a0352,악성아님
.\4a135f60a5193f543d452c9d01e98546c44680e7bdf6c043e8837b1dfeae3875.exe,4a135f60a5193f543d452c9d01e98546c44680e7bdf6c043e8837b1dfeae3875,악성
.\4cfffb2178202505422fc9612d3418ed1ee58d72a22fdde34d5ec4010285c874.exe,4cfffb2178202505422fc9612d3418ed1ee58d72a22fdde34d5ec4010285c874,악성아님
.\4e518d4669ee07ab91d112913c3af8f44e6a1ba379368689108ccdc94aaedbcd.exe,4e518d4669ee07ab91d112913c3af8f44e6a1ba379368689108ccdc94aaedbcd,악성
.\544db1d8e368a140c5de1e670377cc7407dc4c1f56250b5fe89a5fa3cecdbf93.exe,544db1d8e368a140c5de1e670377cc7407dc4c1f56250b5fe89a5fa3cecdbf93,악성아님
.\64dd55e1c2373deed25c2776f553c632e58c45e56a0e4639dfd54ee97eab9c19.exe,64dd55e1c2373deed25c2776f553c632e58c45e56a0e4639dfd54ee97eab9c19,악성아님
.\7077cbf56490c86fc74c0cc6c0379ab679f06a066e71906ad23458f664836449.exe,7077cbf56490c86fc74c0cc6c0379ab679f06a066e71906ad23458f664836449,악성아님
.\73bcd40269191053eac642c1369c1ec3b56408ca8b9acb9502fb49656e73944a.exe,73bcd40269191053eac642c1369c1ec3b56408ca8b9acb9502fb49656e73944a,악성아님
.\7c965138cd0aac6920c9c7e2e68f2432a0f32f6b6cc0210e44e4ce7ca4b2c59b.exe,7c965138cd0aac6920c9c7e2e68f2432a0f32f6b6cc0210e44e4ce7ca4b2c59b,악성아님
.\7dcd092a0fa5cd23c50214e8fb6c0c267ed3f8f1bf0ee8881a2f18d7b356fe72.exe,7dcd092a0fa5cd23c50214e8fb6c0c267ed3f8f1bf0ee8881a2f18d7b356fe72,악성아님
.\886ac24aec65bf2d4ae02479f17c76b1e6d2893b93d6e2e4042e0d8992461b32.exe,886ac24aec65bf2d4ae02479f17c76b1e6d2893b93d6e2e4042e0d8992461b32,악성아님
.\8ca4b8b7a2f8e6e7d1df1ae46437fc252cd9c4b78ca3c7adcab721bd0f68b358.exe,8ca4b8b7a2f8e6e7d1df1ae46437fc252cd9c4b78ca3c7adcab721bd0f68b358,악성아님
.\973cc7e05ca0881490d99fff2213445583117aa563459fb7049b5a447cb5a65c.exe,973cc7e05ca0881490d99fff2213445583117aa563459fb7049b5a447cb5a65c,악성
.\976bb3fb062818e9643ec7f65be2f267b90f63bd9f8be0e6212d131183136140.exe,976bb3fb062818e9643ec7f65be2f267b90f63bd9f8be0e6212d131183136140,악성아님
.\985b56b85220b4221b192644156401afc82f77c35e2595b0befd4067cded51b9.exe,985b56b85220b4221b192644156401afc82f77c35e2595b0befd4067cded51b9,악성
.\9a97f029b98613e742f3c41203d8d470f5f97ae8f02e474cd2f9e561d7d5b771.exe,9a97f029b98613e742f3c41203d8d470f5f97ae8f02e474cd2f9e561d7d5b771,악성
.\9fcad09e4376847090c8fa06821a2c56554849409d09b7548b9e838e20a6a71a.exe,9fcad09e4376847090c8fa06821a2c56554849409d09b7548b9e838e20a6a71a,악성아님
.\a3a4b648e4dcf3a4e5f7d13cc3d21b0353e496da75f83246cc8a15fada463bdf.exe,a3a4b648e4dcf3a4e5f7d13cc3d21b0353e496da75f83246cc8a15fada463bdf,악성아님
.\aa3304fccb73b3c8f3b50f6bd539bb6293fa4393b6cfc56174878b1eb352eb61.exe,aa3304fccb73b3c8f3b50f6bd539bb6293fa4393b6cfc56174878b1eb352eb61,악성아님
.\ab8d788e0116c9216fca7e9f40d014e7ae2fe64123fcc81fa98ab2bcc7946b3a.exe,ab8d788e0116c9216fca7e9f40d014e7ae2fe64123fcc81fa98ab2bcc7946b3a,악성아님
.\b234f0c2d0c69ed42176a0bb2bd4d4a9dd9df7d913059d9dcb90d88d3846471d.exe,b234f0c2d0c69ed42176a0bb2bd4d4a9dd9df7d913059d9dcb90d88d3846471d,악성아님
.\bc09e1b39d3058f8ed357ce8a0483c59b3603ad5614a4563fe5c943d213c1794.exe,bc09e1b39d3058f8ed357ce8a0483c59b3603ad5614a4563fe5c943d213c1794,악성아님
.\be3b8e15558dd066b844e9e5d6def74c25347c4cd397b28d66b01ffd66bf7037.exe,be3b8e15558dd066b844e9e5d6def74c25347c4cd397b28d66b01ffd66bf7037,악성아님
.\c391cce10aeec0887ad6af116ee22219d176b2ed93fa66912e004871dbdda1ff.exe,c391cce10aeec0887ad6af116ee22219d176b2ed93fa66912e004871dbdda1ff,악성아님
.\c43cf46192da061dd6169e55aac4d2d08a6c33c039a7dac0d88aa897661cbc87.exe,c43cf46192da061dd6169e55aac4d2d08a6c33c039a7dac0d88aa897661cbc87,악성아님
.\d20976cbee1c09de8e3ea69a4963c59e173e23df69e9f5faa9d16469645522e3.exe,d20976cbee1c09de8e3ea69a4963c59e173e23df69e9f5faa9d16469645522e3,악성아님
.\d6c9eae7aea81997d17dbfdb3218d18a1f3421a19c085e3cab6a9f17919aaf07.exe,d6c9eae7aea81997d17dbfdb3218d18a1f3421a19c085e3cab6a9f17919aaf07,악성아님
.\e6c3d5be4c32ac864a05b10fb82c2b735761cb3a3dfcdbf2a70f956086d33ad4.exe,e6c3d5be4c32ac864a05b10fb82c2b735761cb3a3dfcdbf2a70f956086d33ad4,악성
.\e70e80dbbc9baba7ddcee70eda1bb8d0e6612dfb1d93827fe7b594a59f3b48b9.exe,e70e80dbbc9baba7ddcee70eda1bb8d0e6612dfb1d93827fe7b594a59f3b48b9,악성아님
.\f13de58416730d210dab465b242e9c949fb0a0245eef45b07c381f0c6c8a43c3.exe,f13de58416730d210dab465b242e9c949fb0a0245eef45b07c381f0c6c8a43c3,악성아님
.\f9819b0b98e30da8b8f7c08191234ccf0bf03a33b7fd41fe93f120f974a8990a.exe,f9819b0b98e30da8b8f7c08191234ccf0bf03a33b7fd41fe93f120f974a8990a,악성아님
.\6136e66e41acd14c409c2d3eb10d48a32febaba04267303d0460ed3bee746cc5.exe,6136e66e41acd14c409c2d3eb10d48a32febaba04267303d0460ed3bee746cc5,악성아님
